OriginalImages,AnnotatedImages
DL_Images/1st.png,DL_AnnotatedImages/1st.png
DL_Images/2nd.png,DL_AnnotatedImages/2nd.png
DL_Images/3.png,DL_AnnotatedImages/3.png
DL_Images/4th.png,DL_AnnotatedImages/4th.png
DL_Images/5th.png,DL_AnnotatedImages/5th.png
DL_Images/6th.png,DL_AnnotatedImages/6th.png
DL_Images/7th.png,DL_AnnotatedImages/7th.png
DL_Images/8th.png,DL_AnnotatedImages/8th.png
DL_Images/9th.png,DL_AnnotatedImages/9th.png
DL_Images/10th.png,DL_AnnotatedImages/10th.png
DL_Images/11th.png,DL_AnnotatedImages/11th.png
DL_Images/12th.png,DL_AnnotatedImages/12th.png
DL_Images/13th.png,DL_AnnotatedImages/13th.png
DL_Images/14th.png,DL_AnnotatedImages/14th.png
DL_Images/15th.png,DL_AnnotatedImages/15th.png
DL_Images/16th.png,DL_AnnotatedImages/16th.png
DL_Images/17th.png,DL_AnnotatedImages/17th.png
DL_Images/18th.png,DL_AnnotatedImages/18th.png
DL_Images/19th.png,DL_AnnotatedImages/19th.png
DL_Images/20th.png,DL_AnnotatedImages/20th.png
DL_Images/21st.png,DL_AnnotatedImages/21st.png
DL_Images/22nd.png,DL_AnnotatedImages/22nd.png
DL_Images/23rd.png,DL_AnnotatedImages/23rd.png
DL_Images/24th.png,DL_AnnotatedImages/24th.png
DL_Images/25th.png,DL_AnnotatedImages/25th.png
DL_Images/26th.png,DL_AnnotatedImages/26th.png
DL_Images/27th.png,DL_AnnotatedImages/27th.png
DL_Images/28th.png,DL_AnnotatedImages/28th.png
DL_Images/29th.png,DL_AnnotatedImages/29th.png
DL_Images/30th.png,DL_AnnotatedImages/30th.png
DL_Images/31st.png,DL_AnnotatedImages/31st.png
DL_Images/32nd.png,DL_AnnotatedImages/32nd.png
DL_Images/33rd.png,DL_AnnotatedImages/33rd.png
DL_Images/34th.png,DL_AnnotatedImages/34th.png
DL_Images/35th.png,DL_AnnotatedImages/35th.png
DL_Images/36th.png,DL_AnnotatedImages/36th.png
DL_Images/37th.png,DL_AnnotatedImages/37th.png
DL_Images/38th.png,DL_AnnotatedImages/38th.png
DL_Images/39th.png,DL_AnnotatedImages/39th.png
DL_Images/40th.png,DL_AnnotatedImages/40th.png
DL_Images/41.png,DL_AnnotatedImages/41.png
DL_Images/42.png,DL_AnnotatedImages/42.png
DL_Images/43rd.png,DL_AnnotatedImages/43rd.png
DL_Images/44th.png,DL_AnnotatedImages/44th.png
DL_Images/45th.png,DL_AnnotatedImages/45th.png
DL_Images/46th.png,DL_AnnotatedImages/46th.png
DL_Images/47th.png,DL_AnnotatedImages/47th.png
DL_Images/48th.png,DL_AnnotatedImages/48th.png
DL_Images/49th.png,DL_AnnotatedImages/49th.png
DL_Images/50th.png,DL_AnnotatedImages/50th.png
DL_Images/51st.png,DL_AnnotatedImages/51st.png
DL_Images/52nd.png,DL_AnnotatedImages/52nd.png
DL_Images/53rd.png,DL_AnnotatedImages/53rd.png
DL_Images/54th.png,DL_AnnotatedImages/54th.png
DL_Images/55th.png,DL_AnnotatedImages/55th.png
DL_Images/56th.png,DL_AnnotatedImages/56th.png
DL_Images/57th.png,DL_AnnotatedImages/57th.png
DL_Images/58th.png,DL_AnnotatedImages/58th.png
DL_Images/59th.png,DL_AnnotatedImages/59th.png
DL_Images/60th.png,DL_AnnotatedImages/60th.png
DL_Images/61.png,DL_AnnotatedImages/61.png
DL_Images/62nd.png,DL_AnnotatedImages/62nd.png
DL_Images/63rd.png,DL_AnnotatedImages/63rd.png
DL_Images/64th.png,DL_AnnotatedImages/64th.png
DL_Images/65th.png,DL_AnnotatedImages/65th.png
DL_Images/66th.png,DL_AnnotatedImages/66th.png
DL_Images/67th.png,DL_AnnotatedImages/67th.png
DL_Images/68th.png,DL_AnnotatedImages/68th.png
DL_Images/69th.png,DL_AnnotatedImages/69th.png
DL_Images/70.png,DL_AnnotatedImages/70.png
DL_Images/71.png,DL_AnnotatedImages/71.png
DL_Images/72.png,DL_AnnotatedImages/72.png
DL_Images/73.png,DL_AnnotatedImages/73.png
DL_Images/74.png,DL_AnnotatedImages/74.png
DL_Images/75th.png,DL_AnnotatedImages/75th.png
DL_Images/76th.png,DL_AnnotatedImages/76th.png
DL_Images/77th.png,DL_AnnotatedImages/77th.png
DL_Images/78th.png,DL_AnnotatedImages/78th.png
DL_Images/79th.png,DL_AnnotatedImages/79th.png
DL_Images/80th.png,DL_AnnotatedImages/80th.png
DL_Images/81st.png,DL_AnnotatedImages/81st.png
DL_Images/82nd.png,DL_AnnotatedImages/82nd.png
DL_Images/83rd.png,DL_AnnotatedImages/83rd.png
DL_Images/84th.png,DL_AnnotatedImages/84th.png
DL_Images/85th.png,DL_AnnotatedImages/85th.png
DL_Images/86th.png,DL_AnnotatedImages/86th.png
DL_Images/87th.png,DL_AnnotatedImages/87th.png
DL_Images/88th.png,DL_AnnotatedImages/88th.png
DL_Images/89th.png,DL_AnnotatedImages/89th.png
DL_Images/90th.png,DL_AnnotatedImages/90th.png
DL_Images/91st.png,DL_AnnotatedImages/91st.png
DL_Images/92nd.png,DL_AnnotatedImages/92nd.png
DL_Images/93rd.png,DL_AnnotatedImages/93rd.png
DL_Images/94th.png,DL_AnnotatedImages/94th.png
DL_Images/95th.png,DL_AnnotatedImages/95th.png
DL_Images/96th.png,DL_AnnotatedImages/96th.png
DL_Images/97th.png,DL_AnnotatedImages/97th.png
DL_Images/98th.png,DL_AnnotatedImages/98th.png
DL_Images/99th.png,DL_AnnotatedImages/99th.png
DL_Images/100.png,DL_AnnotatedImages/100.png
DL_Images/101.png,DL_AnnotatedImages/101.png
DL_Images/102.png,DL_AnnotatedImages/102.png
DL_Images/103.png,DL_AnnotatedImages/103.png
DL_Images/104.png,DL_AnnotatedImages/104.png
DL_Images/105.png,DL_AnnotatedImages/105.png
DL_Images/106.png,DL_AnnotatedImages/106.png
DL_Images/107.png,DL_AnnotatedImages/107.png
DL_Images/108.png,DL_AnnotatedImages/108.png
DL_Images/109.png,DL_AnnotatedImages/109.png
DL_Images/110.png,DL_AnnotatedImages/110.png
DL_Images/111.png,DL_AnnotatedImages/111.png
DL_Images/112.png,DL_AnnotatedImages/112.png
DL_Images/113th.png,DL_AnnotatedImages/113th.png
DL_Images/114.png,DL_AnnotatedImages/114.png
DL_Images/115.png,DL_AnnotatedImages/115.png
DL_Images/116.png,DL_AnnotatedImages/116.png
DL_Images/117.png,DL_AnnotatedImages/117.png
DL_Images/118.png,DL_AnnotatedImages/118.png
DL_Images/119.png,DL_AnnotatedImages/119.png
DL_Images/120.png,DL_AnnotatedImages/120.png
DL_Images/121.png,DL_AnnotatedImages/121.png
DL_Images/122.png,DL_AnnotatedImages/122.png
DL_Images/123.png,DL_AnnotatedImages/123.png
DL_Images/124.png,DL_AnnotatedImages/124.png
DL_Images/125.png,DL_AnnotatedImages/125.png
DL_Images/126.png,DL_AnnotatedImages/126.png
DL_Images/127.png,DL_AnnotatedImages/127.png
DL_Images/128.png,DL_AnnotatedImages/128.png
